date,holiday
1/1/2022,1
2/1/2022,1
3/1/2022,1
4/1/2022,
5/1/2022,
6/1/2022,
7/1/2022,
8/1/2022,
9/1/2022,
10/1/2022,
11/1/2022,
12/1/2022,
13/01/2022,
14/01/2022,
15/01/2022,
16/01/2022,
17/01/2022,
18/01/2022,
19/01/2022,
20/01/2022,
21/01/2022,
22/01/2022,
23/01/2022,
24/01/2022,
25/01/2022,
26/01/2022,
27/01/2022,
28/01/2022,
29/01/2022,1
30/01/2022,1
31/01/2022,1
1/2/2022,1
2/2/2022,1
3/2/2022,1
4/2/2022,1
5/2/2022,1
6/2/2022,1
7/2/2022,
8/2/2022,
9/2/2022,
10/2/2022,
11/2/2022,
12/2/2022,
13/02/2022,
14/02/2022,
15/02/2022,
16/02/2022,
17/02/2022,
18/02/2022,
19/02/2022,
20/02/2022,
21/02/2022,
22/02/2022,
23/02/2022,
24/02/2022,
25/02/2022,
26/02/2022,
27/02/2022,
28/02/2022,
1/3/2022,
2/3/2022,
3/3/2022,
4/3/2022,
5/3/2022,
6/3/2022,
7/3/2022,
8/3/2022,
9/3/2022,
10/3/2022,
11/3/2022,
12/3/2022,
13/03/2022,
14/03/2022,
15/03/2022,
16/03/2022,
17/03/2022,
18/03/2022,
19/03/2022,
20/03/2022,
21/03/2022,
22/03/2022,
23/03/2022,
24/03/2022,
25/03/2022,
26/03/2022,
27/03/2022,
28/03/2022,
29/03/2022,
30/03/2022,
31/03/2022,
1/4/2022,
2/4/2022,
3/4/2022,
4/4/2022,
5/4/2022,
6/4/2022,
7/4/2022,
8/4/2022,
9/4/2022,
10/4/2022,1
11/4/2022,1
12/4/2022,
13/04/2022,
14/04/2022,
15/04/2022,
16/04/2022,
17/04/2022,
18/04/2022,
19/04/2022,
20/04/2022,
21/04/2022,
22/04/2022,
23/04/2022,
24/04/2022,
25/04/2022,
26/04/2022,
27/04/2022,
28/04/2022,
29/04/2022,
30/04/2022,1
1/5/2022,1
2/5/2022,1
3/5/2022,1
4/5/2022,
5/5/2022,
6/5/2022,
7/5/2022,
8/5/2022,
9/5/2022,
10/5/2022,
11/5/2022,
12/5/2022,
13/05/2022,
14/05/2022,
15/05/2022,
16/05/2022,
17/05/2022,
18/05/2022,
19/05/2022,
20/05/2022,
21/05/2022,
22/05/2022,
23/05/2022,
24/05/2022,
25/05/2022,
26/05/2022,
27/05/2022,
28/05/2022,
29/05/2022,
30/05/2022,
31/05/2022,
1/6/2022,1
2/6/2022,
3/6/2022,
4/6/2022,
5/6/2022,
6/6/2022,
7/6/2022,
8/6/2022,
9/6/2022,
10/6/2022,
11/6/2022,
12/6/2022,
13/06/2022,
14/06/2022,
15/06/2022,
16/06/2022,
17/06/2022,
18/06/2022,
19/06/2022,
20/06/2022,
21/06/2022,
22/06/2022,
23/06/2022,
24/06/2022,
25/06/2022,
26/06/2022,
27/06/2022,
28/06/2022,
29/06/2022,
30/06/2022,
1/7/2022,
2/7/2022,
3/7/2022,
4/7/2022,
5/7/2022,
6/7/2022,
7/7/2022,
8/7/2022,
9/7/2022,
10/7/2022,
11/7/2022,
12/7/2022,
13/07/2022,
14/07/2022,
15/07/2022,
16/07/2022,
17/07/2022,
18/07/2022,
19/07/2022,
20/07/2022,
21/07/2022,
22/07/2022,
23/07/2022,
24/07/2022,
25/07/2022,
26/07/2022,
27/07/2022,
28/07/2022,
29/07/2022,
30/07/2022,
31/07/2022,
1/8/2022,
2/8/2022,
3/8/2022,
4/8/2022,
5/8/2022,
6/8/2022,
7/8/2022,
8/8/2022,
9/8/2022,
10/8/2022,
11/8/2022,
12/8/2022,
13/08/2022,
14/08/2022,
15/08/2022,
16/08/2022,
17/08/2022,
18/08/2022,
19/08/2022,
20/08/2022,
21/08/2022,
22/08/2022,
23/08/2022,
24/08/2022,
25/08/2022,
26/08/2022,
27/08/2022,
28/08/2022,
29/08/2022,
30/08/2022,
31/08/2022,
1/9/2022,1
2/9/2022,1
3/9/2022,
4/9/2022,
5/9/2022,
6/9/2022,
7/9/2022,
8/9/2022,
9/9/2022,
10/9/2022,
11/9/2022,
12/9/2022,
13/09/2022,
14/09/2022,
15/09/2022,
16/09/2022,
17/09/2022,
18/09/2022,
19/09/2022,
20/09/2022,
21/09/2022,
22/09/2022,
23/09/2022,
24/09/2022,
25/09/2022,
26/09/2022,
27/09/2022,
28/09/2022,
29/09/2022,1
30/09/2022,
1/10/2022,
2/10/2022,
3/10/2022,
4/10/2022,
5/10/2022,
6/10/2022,
7/10/2022,
8/10/2022,
9/10/2022,
10/10/2022,
11/10/2022,
12/10/2022,
13/10/2022,
14/10/2022,
15/10/2022,
16/10/2022,
17/10/2022,
18/10/2022,
19/10/2022,
20/10/2022,
21/10/2022,
22/10/2022,
23/10/2022,
24/10/2022,
25/10/2022,
26/10/2022,
27/10/2022,
28/10/2022,
29/10/2022,
30/10/2022,
31/10/2022,1
1/11/2022,
2/11/2022,
3/11/2022,
4/11/2022,
5/11/2022,
6/11/2022,
7/11/2022,
8/11/2022,
9/11/2022,
10/11/2022,
11/11/2022,
12/11/2022,
13/11/2022,
14/11/2022,
15/11/2022,
16/11/2022,
17/11/2022,
18/11/2022,
19/11/2022,
20/11/2022,
21/11/2022,
22/11/2022,
23/11/2022,
24/11/2022,
25/11/2022,
26/11/2022,
27/11/2022,
28/11/2022,
29/11/2022,
30/11/2022,
1/12/2022,
2/12/2022,
3/12/2022,
4/12/2022,
5/12/2022,
6/12/2022,
7/12/2022,
8/12/2022,
9/12/2022,
10/12/2022,
11/12/2022,
12/12/2022,
13/12/2022,
14/12/2022,
15/12/2022,
16/12/2022,
17/12/2022,
18/12/2022,
19/12/2022,
20/12/2022,
21/12/2022,
22/12/2022,
23/12/2022,
24/12/2022,
25/12/2022,1
26/12/2022,1
27/12/2022,1
28/12/2022,1
29/12/2022,1
30/12/2022,1
31/12/2022,1
